City_ID,City,Lat,Lng,Max Temp,Humidity,Cloudiness,Wind Speed,Country,Date
0,puerto ayora,-0.7393,-90.3518,28.98,91,72,1.79,EC,1680360011
1,mataura,-46.1927,168.8643,13.04,91,66,1.23,NZ,1680360011
2,esperance,-33.8667,121.9,18.57,77,99,5.03,AU,1680360012
3,yellowknife,62.456,-114.3525,-16.71,66,100,7.72,CA,1680359934
4,rikitea,-23.1203,-134.9692,26.39,81,42,6.64,PF,1680360013
5,hobart,-42.8794,147.3294,12.92,78,99,5.14,AU,1680359414
6,hermanus,-34.4187,19.2345,24.33,56,0,8.37,ZA,1680360013
7,airai,-8.9266,125.4092,16.32,97,100,0.56,TL,1680360014
8,saint george,37.1041,-113.5841,3.33,75,0,0.0,US,1680359949
9,bluff,-46.6,168.3333,13.22,87,25,7.59,NZ,1680360014
10,kharp,66.8014,65.8081,0.48,98,100,3.72,RU,1680360014
11,grand gaube,-20.0064,57.6608,27.43,71,8,2.24,MU,1680360014
12,georgetown,5.4112,100.3354,30.96,70,20,2.06,MY,1680360014
13,ushuaia,-54.8,-68.3,6.81,70,0,2.06,AR,1680360015
14,orda,57.1951,56.9091,2.12,97,100,5.63,RU,1680360015
15,salvacion,7.9833,126.1333,23.08,97,100,0.59,PH,1680360015
16,vaini,-21.2,-175.2,25.09,94,20,1.54,TO,1680360015
17,tuktoyaktuk,69.4541,-133.0374,-25.0,70,20,5.66,CA,1680360015
18,alice springs,-23.7,133.8833,17.75,88,100,3.09,AU,1680360015
19,busselton,-33.65,115.3333,17.01,78,10,3.89,AU,1680360016
20,khatanga,71.9667,102.5,-7.59,93,100,9.6,RU,1680360016
21,albany,42.6001,-73.9662,13.18,93,100,4.48,US,1680359818
22,touros,-5.1989,-35.4608,30.27,62,87,4.96,BR,1680359973
23,olesno,50.877,18.4209,10.05,93,100,4.68,PL,1680360017
24,lopatino,52.6195,45.8118,8.84,59,77,2.63,RU,1680360017
25,lebu,-37.6167,-73.65,16.93,63,33,3.92,CL,1680360017
26,saskylakh,71.9167,114.0833,-11.14,90,100,7.75,RU,1680360017
27,thompson,55.7435,-97.8558,-16.91,66,20,2.57,CA,1680360018
28,te anau,-45.4167,167.7167,10.61,94,16,0.99,NZ,1680360018
29,punta arenas,-53.15,-70.9167,8.06,61,100,4.12,CL,1680359836
30,kapaa,22.0752,-159.319,22.18,94,100,2.57,US,1680360019
31,port elizabeth,-33.918,25.5701,25.61,33,0,5.14,ZA,1680360019
32,rumoi,43.9344,141.6428,1.12,92,74,1.68,JP,1680360019
33,upernavik,72.7868,-56.1549,-28.03,95,56,5.34,GL,1680360020
34,nampula,-15.1165,39.2666,26.97,74,75,5.14,MZ,1680359646
35,qaanaaq,77.484,-69.3632,-22.98,71,6,2.09,GL,1680360020
36,guerrero negro,27.9769,-114.0611,14.6,74,2,4.09,MX,1680360020
37,turayf,31.6725,38.6637,16.14,23,0,4.12,SA,1680360020
38,anloga,5.7947,0.8973,29.36,71,85,4.89,GH,1680360021
39,bengkulu,-3.8004,102.2655,24.19,89,100,2.11,ID,1680360021
40,kodiak,57.79,-152.4072,0.73,51,0,9.26,US,1680360021
41,vila velha,-20.3297,-40.2925,32.75,64,20,1.54,BR,1680360021
42,torbay,47.6666,-52.7314,2.54,73,75,5.66,CA,1680360022
43,magangue,9.242,-74.7547,32.4,50,86,1.69,CO,1680360022
44,bambous virieux,-20.3428,57.7575,27.34,78,40,3.6,MU,1680360022
45,henties bay,-22.116,14.2845,18.7,71,5,4.12,NA,1680360022
46,riohacha,11.5444,-72.9072,29.06,61,75,7.72,CO,1680360022
47,sarh,9.1429,18.3923,38.95,24,20,3.09,TD,1680360023
48,sibolga,1.7427,98.7792,24.76,92,100,2.22,ID,1680360023
49,isangel,-19.55,169.2667,25.57,86,13,1.87,VU,1680360023
50,sambava,-14.2667,50.1667,26.01,86,100,3.34,MG,1680359793
51,sorland,67.667,12.6934,2.92,54,97,7.67,NO,1680360023
52,baindur,13.8667,74.6333,25.72,81,84,4.18,IN,1680359760
53,san antonio,29.4241,-98.4936,24.51,32,75,3.09,US,1680360002
54,hilo,19.7297,-155.09,21.25,94,0,1.54,US,1680359936
55,tasiilaq,65.6145,-37.6368,-0.91,78,99,1.16,GL,1680360024
56,butaritari,3.0707,172.7902,27.47,72,100,5.26,KI,1680360024
57,jamestown,42.097,-79.2353,16.12,49,0,6.69,US,1680360024
58,bredasdorp,-34.5322,20.0403,21.33,61,0,5.9,ZA,1680360024
59,namatanai,-3.6667,152.4333,24.19,91,100,0.75,PG,1680360024
60,xining,36.6167,101.7667,9.31,46,98,5.85,CN,1680360025
61,berlevag,70.8578,29.0864,-2.03,80,100,12.86,NO,1680360025
62,ebolowa,2.9,11.15,26.26,83,46,0.95,CM,1680360025
63,harlingen,26.1906,-97.6961,24.47,99,75,4.12,US,1680359817
64,ingleside,27.8778,-97.2117,25.59,94,40,2.57,US,1680360025
65,cayenne,4.9333,-52.3333,25.02,83,100,4.12,GF,1680359988
66,chokurdakh,70.6333,147.9167,-33.44,100,93,2.78,RU,1680360026
67,saint-joseph,-21.3667,55.6167,27.21,85,48,2.69,RE,1680360026
68,newport,51.5877,-2.9984,14.23,77,67,5.86,GB,1680360026
69,chapais,49.7834,-74.8492,-5.12,91,100,3.41,CA,1680360026
70,cape town,-33.9258,18.4232,22.71,66,0,6.17,ZA,1680359865
71,alexandria,31.2156,29.9553,22.3,53,0,3.54,EG,1680359819
72,san lawrenz,36.0553,14.204,22.67,87,100,7.11,MT,1680360027
73,chongoyape,-6.6406,-79.3892,28.08,72,87,1.69,PE,1680360027
74,bethel,41.3712,-73.414,14.07,89,100,1.34,US,1680359913
75,leningradskiy,69.3833,178.4167,-13.49,91,100,11.02,RU,1680360027
76,sinnamary,5.3833,-52.95,27.91,66,29,5.43,GF,1680360028
77,quatre cocos,-20.2078,57.7625,27.27,78,25,5.54,MU,1680360028
78,elk city,35.412,-99.4043,8.12,42,0,6.69,US,1680360028
79,severo-kurilsk,50.6789,156.125,-0.39,81,7,5.78,RU,1680360029
80,new norfolk,-42.7826,147.0587,12.72,70,99,1.4,AU,1680360029
81,biak,-0.9131,122.8766,24.39,78,99,1.61,ID,1680360029
82,catamarca,-28.4696,-65.7852,22.1,65,25,0.89,AR,1680359810
83,otjiwarongo,-20.4637,16.6477,25.48,39,93,7.04,NA,1680360029
84,yarada,17.65,83.2667,28.18,74,40,3.09,IN,1680360029
85,bhuj,23.2667,69.6667,26.9,46,11,7.44,IN,1680359489
86,suez,29.9737,32.5263,21.02,35,0,5.05,EG,1680360030
87,emerald,-23.5333,148.1667,21.86,84,65,3.6,AU,1680360030
88,mahebourg,-20.4081,57.7,27.36,78,40,3.6,MU,1680360030
89,buraydah,26.326,43.975,23.25,12,74,3.93,SA,1680360030
90,dikson,73.5069,80.5464,-8.16,89,100,9.34,RU,1680360030
91,alugan,12.2188,125.4808,26.4,79,66,1.97,PH,1680360031
92,hithadhoo,-0.6,73.0833,28.36,69,69,2.38,MV,1680360031
93,ancud,-41.8697,-73.8203,14.11,87,92,3.24,CL,1680360031
94,messina,38.1933,15.5497,21.75,36,20,7.72,IT,1680360031
95,barra patuca,15.8,-84.2833,28.14,61,29,5.7,HN,1680360031
96,victoria,22.2855,114.1577,22.19,90,100,4.02,HK,1680359838
97,castro,-24.7911,-50.0119,24.57,62,64,2.66,BR,1680360032
98,labuhan,-6.8844,112.2051,25.38,83,100,3.94,ID,1680360032
99,charleston,32.7766,-79.9309,24.5,76,0,8.23,US,1680359858
100,haines junction,60.7522,-137.5108,-4.03,74,100,4.12,CA,1680360032
101,shingu,33.7333,135.9833,12.42,72,72,2.71,JP,1680360033
102,san juan de colon,8.0313,-72.2605,20.77,64,100,1.23,VE,1680360033
103,rio grande,-32.035,-52.0986,22.06,58,37,7.99,BR,1680360033
104,shar,49.5886,81.0453,-5.98,54,0,7.68,KZ,1680360033
105,tevriz,57.509,72.4042,-1.79,77,99,4.95,RU,1680360034
106,fairbanks,64.8378,-147.7164,-10.81,75,40,2.06,US,1680359558
107,barrow,71.2906,-156.7887,-15.99,92,100,0.0,US,1680359881
108,kisangani,0.5167,25.2,29.53,52,86,0.73,CD,1680360034
109,liverpool,53.4106,-2.9779,11.83,68,75,5.14,GB,1680360034
110,puerto colombia,10.9878,-74.9547,27.05,72,95,7.32,CO,1680360034
111,akyab,20.15,92.9,26.8,78,15,4.84,MM,1680360034
112,cherskiy,68.75,161.3,-31.44,100,98,1.49,RU,1680360035
113,worthington,40.0931,-83.018,17.82,68,0,12.35,US,1680360035
114,stillwater,36.1156,-97.0584,8.95,45,0,5.66,US,1680360000
115,toropets,56.4978,31.6353,1.56,99,100,1.71,RU,1680360035
116,hasaki,35.7333,140.8333,14.01,54,25,4.65,JP,1680360036
117,muroto,33.2833,134.15,16.8,64,98,4.46,JP,1680360036
118,komsomolskiy,40.4272,71.7189,20.4,30,88,3.09,UZ,1680360036
119,magadan,59.5667,150.8,-3.59,93,100,3.16,RU,1680360036
120,evanston,42.0411,-87.6901,3.39,79,100,7.72,US,1680360036
121,arraial do cabo,-22.9661,-42.0278,28.98,69,40,4.12,BR,1680360036
122,columbia,34.0007,-81.0348,21.39,79,100,6.69,US,1680359522
123,chuy,-33.6971,-53.4616,21.53,47,36,6.34,UY,1680360036
124,pangody,65.85,74.4859,0.83,92,100,10.47,RU,1680360036
125,luderitz,-26.6481,15.1594,19.63,73,4,2.55,NA,1680360036
126,caraballeda,10.6112,-66.8522,29.37,71,64,5.66,VE,1680360036
127,eureka,40.8021,-124.1637,9.96,80,100,3.58,US,1680360037
128,dabola,10.75,-11.1167,39.3,11,7,2.29,GN,1680360037
129,lebanon,36.2081,-86.2911,20.99,48,0,7.2,US,1680359836
130,atuona,-9.8,-139.0333,26.86,78,76,6.48,PF,1680360037
131,naze,28.3667,129.4833,19.51,87,69,2.26,JP,1680360037
132,paithan,19.4833,75.3833,29.84,20,59,1.6,IN,1680360037
133,samana,19.2056,-69.3369,26.98,78,20,5.66,DO,1680360037
134,coahuayana,18.7333,-103.6833,28.1,23,50,0.32,MX,1680360038
135,saint-philippe,-21.3585,55.7679,27.77,86,57,4.43,RE,1680360038
136,port lincoln,-34.7333,135.8667,14.78,64,26,5.88,AU,1680360038
137,port alfred,-33.5906,26.891,23.43,75,0,2.24,ZA,1680360038
138,kotturu,14.8167,76.2167,29.31,22,76,1.9,IN,1680360038
139,provideniya,64.3833,-173.3,-3.96,96,98,4.42,RU,1680360038
140,kangaatsiaq,68.3065,-53.4641,-20.08,92,91,3.28,GL,1680360038
141,yulara,-25.2406,130.9889,18.26,68,100,4.6,AU,1680360038
142,thinadhoo,0.5333,72.9333,28.18,73,99,2.11,MV,1680360038
143,avera,33.194,-82.5271,22.43,82,100,8.17,US,1680360039
144,nikolskoye,59.7035,30.7861,1.0,97,100,3.38,RU,1680360039
145,tarazona,41.9,-1.7333,15.9,50,96,6.57,ES,1680360039
146,beloslav,43.1833,27.7,19.92,86,75,5.14,BG,1680360039
147,norman wells,65.282,-126.8329,-13.98,85,100,0.0,CA,1680360039
148,manjacaze,-24.7117,33.8828,23.98,85,54,3.23,MZ,1680360039
149,ocsod,46.9,20.4,15.18,64,100,6.47,HU,1680360039
150,adrar,20.5022,-10.0711,35.89,4,0,6.96,MR,1680360039
151,great bend,38.3645,-98.7648,5.47,55,0,5.66,US,1680360039
152,bahia blanca,-38.7196,-62.2724,18.23,44,0,7.72,AR,1680359855
153,la ronge,55.1001,-105.2842,-6.86,86,100,4.63,CA,1680360039
154,fianarantsoa,-21.4333,47.0833,19.28,90,100,2.56,MG,1680360040
155,iqaluit,63.7506,-68.5145,-12.15,79,100,3.09,CA,1680360040
156,carnarvon,-24.8667,113.6333,24.87,73,91,5.99,AU,1680360040
157,provost,52.3501,-110.2683,-4.62,100,100,1.85,CA,1680360040
158,faanui,-16.4833,-151.75,27.72,73,27,2.56,PF,1680360040
159,veraval,20.9,70.3667,25.17,76,37,4.88,IN,1680360040
160,san patricio,28.017,-97.5169,26.15,76,98,2.67,US,1680359781
161,nabire,-3.3667,135.4833,24.68,93,100,1.16,ID,1680360040
162,langarud,37.197,50.1535,8.03,87,93,2.3,IR,1680359743
163,pitimbu,-7.4706,-34.8086,30.33,64,79,4.56,BR,1680360041
164,peniche,39.3558,-9.3811,18.38,93,20,5.97,PT,1680359669
165,opunake,-39.4556,173.8583,18.8,92,88,5.2,NZ,1680360041
166,karratha,-20.7377,116.8463,28.38,69,28,2.37,AU,1680360041
167,baiao,-2.7906,-49.6717,27.45,74,100,1.04,BR,1680360041
168,ponta delgada,37.7333,-25.6667,18.4,82,20,4.63,PT,1680360041
169,kalmunai,7.4167,81.8167,27.29,78,0,4.19,LK,1680360042
170,inhambane,-23.865,35.3833,26.99,69,40,3.58,MZ,1680360042
171,cidreira,-30.1811,-50.2056,18.8,66,62,7.44,BR,1680360042
172,college,64.8569,-147.8028,-10.82,73,75,2.06,US,1680360042
173,bairnsdale,-37.8333,147.6167,8.57,81,10,1.83,AU,1680360042
174,matay,28.419,30.7792,23.88,20,0,6.81,EG,1680360042
175,illapel,-31.6308,-71.1653,25.75,27,74,2.78,CL,1680360042
176,opuwo,-18.0607,13.84,31.38,21,35,1.66,NA,1680360043
177,belaya gora,68.5333,146.4167,-30.39,100,93,1.86,RU,1680360043
178,aksha,50.2814,113.2867,-4.21,38,100,5.56,RU,1680360043
179,amga,60.8953,131.9608,-14.35,89,100,3.94,RU,1680360043
180,joshimath,30.5667,79.5667,9.25,88,100,0.88,IN,1680360044
181,east london,-33.0153,27.9116,22.57,70,3,5.31,ZA,1680360044
182,igrim,63.1906,64.4162,2.2,98,100,6.0,RU,1680360044
183,murgab,37.4966,61.9714,19.93,52,75,3.09,TM,1680360044
184,yerbogachen,61.2767,108.0108,-25.06,99,36,0.88,RU,1680360044
185,geraldton,-28.7667,114.6,21.23,83,30,4.12,AU,1680359918
186,clyde river,70.4692,-68.5914,-23.87,84,0,5.14,CA,1680360045
187,avarua,-21.2078,-159.775,23.03,100,77,0.51,CK,1680360045
188,chaman,30.9236,66.4512,20.13,38,59,3.8,PK,1680360045
189,raudeberg,61.9875,5.1352,7.37,69,30,1.14,NO,1680360045
190,vila franca do campo,37.7167,-25.4333,18.23,68,100,4.32,PT,1680360045
191,tiksi,71.6872,128.8694,-18.34,85,50,8.86,RU,1680360045
192,beloha,-25.1667,45.05,23.9,83,83,5.36,MG,1680360045
193,mpika,-11.8343,31.4529,17.48,94,100,0.39,ZM,1680360045
194,sisimiut,66.9395,-53.6735,-10.63,61,1,3.91,GL,1680360046
195,kloulklubed,7.0419,134.2556,25.28,68,99,0.36,PW,1680360046
196,naryan-mar,67.6713,53.087,-8.09,95,100,2.42,RU,1680360046
197,wagar,16.1525,36.2032,33.15,12,100,5.02,SD,1680360046
198,omboue,-1.5746,9.2618,26.08,82,100,2.94,GA,1680360047
199,kaitangata,-46.2817,169.8464,11.62,88,99,2.28,NZ,1680360047
200,souillac,-20.5167,57.5167,27.21,78,40,3.6,MU,1680360047
201,lorengau,-2.0226,147.2712,26.11,80,97,0.63,PG,1680360047
202,shimoda,34.6667,138.95,14.5,82,100,4.48,JP,1680360047
203,moree,-29.4667,149.85,17.12,50,0,2.53,AU,1680360047
204,mar del plata,-38.0023,-57.5575,19.35,59,0,1.54,AR,1680359946
205,sterlitamak,53.6246,55.9502,7.29,79,96,0.71,RU,1680360048
206,ambikapur,23.1167,83.2,24.37,31,50,1.6,IN,1680360048
207,longyearbyen,78.2186,15.6401,-11.09,67,75,5.14,SJ,1680359869
208,billings,45.7833,-108.5007,4.29,68,75,6.17,US,1680359963
209,yumen,40.2833,97.2,5.45,30,70,4.7,CN,1680360048
210,mantua,45.1667,10.7833,21.58,39,0,3.21,IT,1680360048
211,nanortalik,60.1432,-45.2371,-2.27,78,87,4.13,GL,1680360048
212,vitim,59.4511,112.5578,-16.65,99,99,1.33,RU,1680360048
213,cuxhaven,53.8718,8.6909,5.54,87,75,12.35,DE,1680360049
214,imuris,30.7833,-110.8667,16.42,17,20,1.7,MX,1680360049
215,asuncion,-25.3007,-57.6359,27.72,69,75,4.12,PY,1680359909
216,kavieng,-2.5744,150.7967,26.88,82,100,5.41,PG,1680360049
217,harper,4.375,-7.7169,29.48,68,25,4.05,LR,1680360049
218,hofn,64.2539,-15.2082,5.62,71,2,4.1,IS,1680360049
219,santa isabel do rio negro,-0.4139,-65.0192,31.12,60,100,0.7,BR,1680360050
220,khuzhir,53.1939,107.3397,-10.54,74,37,3.67,RU,1680360050
221,wanning,18.8003,110.3967,24.35,94,9,2.94,CN,1680360050
222,hirara,24.8,125.2833,20.92,83,100,5.66,JP,1680360050
223,ladario,-19.0047,-57.6017,31.16,66,0,1.03,BR,1680360050
224,klaksvik,62.2266,-6.589,7.51,86,100,10.61,FO,1680360050
225,ahipara,-35.1667,173.1667,17.88,93,100,0.92,NZ,1680360051
226,ucluelet,48.9329,-125.5528,2.17,91,98,2.68,CA,1680360051
227,los llanos de aridane,28.6585,-17.9182,23.86,38,0,6.17,ES,1680360051
228,homer,59.6425,-151.5483,0.93,46,0,4.63,US,1680360051
229,sekoma,-24.4,23.8833,29.25,31,86,2.36,BW,1680360051
230,muros,42.7762,-9.0603,17.05,63,62,4.55,ES,1680360051
231,tabou,4.423,-7.3528,29.41,67,30,4.07,CI,1680360051
232,yuancheng,36.652,107.7896,14.55,53,33,7.32,CN,1680360051
233,namibe,-15.1961,12.1522,26.35,73,75,4.69,AO,1680360051
234,hastings,50.8552,0.5729,12.85,32,100,7.25,GB,1680360052
235,cabo san lucas,22.8909,-109.9124,21.95,80,100,0.69,MX,1680360052
236,acapulco,16.8634,-99.8901,25.9,69,0,2.06,MX,1680359882
237,constitucion,-35.3333,-72.4167,20.65,39,96,5.3,CL,1680360052
238,qandala,11.472,49.8728,28.65,74,86,2.51,SO,1680360052
239,johi,26.6921,67.6133,29.52,29,0,7.51,PK,1680360052
240,sernovodskoye,43.3158,45.1637,6.56,89,100,0.62,RU,1680360052
241,port-gentil,-0.7193,8.7815,25.98,89,40,2.57,GA,1680360053
242,olafsvik,64.8945,-23.7142,4.14,82,95,6.56,IS,1680360053
243,sabha,27.0377,14.4283,27.18,8,0,1.09,LY,1680360053
244,port macquarie,-31.4333,152.9167,16.76,86,35,4.29,AU,1680360053
245,nemuro,43.3236,145.575,1.0,88,35,8.99,JP,1680360053
246,bria,6.5423,21.9863,36.44,20,74,2.77,CF,1680360053
247,dingle,10.9995,122.6711,25.26,82,61,2.63,PH,1680360054
248,tommot,58.9564,126.2925,-15.32,98,100,1.59,RU,1680360054
249,garowe,8.4054,48.4845,33.02,32,64,3.57,SO,1680360054
250,muravlenko,63.7898,74.523,0.98,84,100,12.19,RU,1680360054
251,mayo,38.8876,-76.5119,18.91,87,100,4.63,US,1680360054
252,chimbote,-9.0853,-78.5783,26.63,75,90,4.49,PE,1680360054
253,santa vitoria do palmar,-33.5189,-53.3681,21.66,47,45,6.25,BR,1680359549
254,phan thiet,10.9333,108.1,24.8,81,100,2.91,VN,1680360054
255,hokitika,-42.7167,170.9667,14.59,90,43,1.75,NZ,1680360054
256,bida,9.0833,6.0167,40.84,15,15,0.85,NG,1680360054
257,ostrovnoy,68.0531,39.5131,-2.76,81,42,6.77,RU,1680360055
258,rancho palos verdes,33.7445,-118.387,14.73,81,9,0.89,US,1680360055
259,seoul,37.5683,126.9778,15.78,53,40,2.06,KR,1680359914
260,nerchinskiy zavod,51.3088,119.61,-2.92,89,39,2.0,RU,1680360056
261,kiama,-34.6833,150.8667,17.22,90,92,1.34,AU,1680360056
262,lahij,13.1667,44.5833,28.58,65,70,4.73,YE,1680360056
263,davila,18.4726,120.5763,25.84,83,24,3.35,PH,1680360056
264,boca do acre,-8.7522,-67.3978,23.4,98,100,0.69,BR,1680360056
265,rockingham,42.9668,-71.0995,5.51,90,100,1.11,US,1680360056
266,buala,-8.145,159.5921,26.45,78,100,0.52,SB,1680360056
267,ixtapa,20.7,-105.2,16.57,72,100,1.54,MX,1680360056
268,coihaique,-45.5752,-72.0662,12.34,76,75,2.57,CL,1680360057
269,san bernardino,34.6667,-116.1675,4.48,27,1,0.98,US,1680359639
270,quibdo,5.6947,-76.6611,24.19,100,100,0.0,CO,1680360057
271,potsdam,52.3989,13.0657,9.37,92,100,4.76,DE,1680360057
272,allschwil,47.5507,7.536,12.24,71,100,7.72,CH,1680360057
273,ubinskoye,55.3068,79.6802,-8.6,91,85,2.47,RU,1680360057
274,paramonga,-10.6667,-77.8333,25.1,82,94,3.43,PE,1680360058
275,alpena,45.0617,-83.4327,1.18,100,100,5.14,US,1680360058
276,high level,58.5169,-117.136,-6.94,86,75,1.03,CA,1680359935
277,livingston,55.9029,-3.5226,7.14,90,75,3.6,GB,1680360059
278,lazaro cardenas,17.9583,-102.2,27.04,55,0,0.88,MX,1680360059
279,yar-sale,66.8333,70.8333,1.09,97,100,10.32,RU,1680360059
280,fortuna,40.5982,-124.1573,9.81,86,100,4.47,US,1680360059
281,saldanha,-33.0117,17.9442,30.03,71,7,6.26,ZA,1680360059
282,adeje,28.1227,-16.726,28.61,43,0,14.4,ES,1680360059
283,vrangel,42.7297,133.0839,3.75,68,22,3.87,RU,1680360060
284,koungou,-12.7336,45.2042,29.84,74,20,5.66,YT,1680360060
285,sitka,57.0531,-135.33,1.94,80,75,4.63,US,1680360060
286,aden,12.7794,45.0367,28.67,78,22,3.87,YE,1680360060
287,monrovia,6.3005,-10.7969,32.87,66,34,4.94,LR,1680360060
288,comodoro rivadavia,-45.8667,-67.5,20.92,35,0,12.35,AR,1680359935
289,mount gambier,-37.8333,140.7667,8.91,84,16,0.87,AU,1680360060
290,riberalta,-10.9833,-66.1,27.11,83,75,2.06,BO,1680360060
291,vondrozo,-22.8167,47.2833,21.3,97,97,1.5,MG,1680360060
292,jiayuguan,39.8167,98.3,6.32,35,100,2.79,CN,1680360061
293,novikovo,51.1537,37.8879,3.25,98,100,4.49,RU,1680360061
294,shalakusha,62.2247,40.2539,-0.16,85,100,0.56,RU,1680360061
295,kavaratti,10.5669,72.642,27.78,68,9,3.59,IN,1680360061
296,zhigansk,66.7697,123.3711,-23.71,100,96,3.12,RU,1680360061
297,stropkov,49.2021,21.6522,12.74,68,84,1.86,SK,1680360061
298,zhezkazgan,47.8043,67.7144,8.99,18,0,10.0,KZ,1680360062
299,hashtrud,37.4779,47.0508,2.73,45,99,6.37,IR,1680360062
300,erzin,36.9559,36.2,12.81,71,1,2.98,TR,1680360065
301,kruisfontein,-34.0033,24.7314,24.38,45,3,5.71,ZA,1680360066
302,lagoa,39.05,-27.9833,16.09,88,100,9.5,PT,1680360066
303,tateyama,34.9833,139.8667,15.05,78,60,5.64,JP,1680360066
304,kitcharao,9.455,125.5731,24.67,87,100,1.24,PH,1680360066
305,hovd,48.0056,91.6419,-11.78,34,100,6.35,MN,1680360067
306,wajima,37.4,136.9,9.71,70,0,8.36,JP,1680360067
307,skjervoy,70.0311,20.9714,-2.0,64,100,8.55,NO,1680360067
308,sangar,63.9242,127.4739,-20.7,87,95,5.96,RU,1680360067
309,shache,38.4167,77.2406,15.4,18,100,2.39,CN,1680360067
310,puerto del rosario,28.5004,-13.8627,20.86,73,20,7.2,ES,1680359883
311,aguimes,27.9054,-15.4461,24.35,47,20,12.35,ES,1680360068
312,micheweni,-4.9667,39.8333,29.14,71,28,5.62,TZ,1680360068
313,svobodnyy,51.4,128.1333,8.67,46,100,6.19,RU,1680360068
314,krasnoselkup,65.7,82.4667,-0.61,85,100,13.19,RU,1680360068
315,ormara,25.2088,64.6357,24.98,75,0,5.38,PK,1680360069
316,sao joao da barra,-21.6403,-41.0511,32.05,60,49,0.51,BR,1680360069
317,cubuk,40.2386,33.0322,14.95,41,40,4.63,TR,1680360069
318,kumluca,36.3703,30.2869,15.83,77,62,3.2,TR,1680360069
319,caravelas,-17.7125,-39.2481,31.78,49,0,4.64,BR,1680360069
320,barabinsk,55.3571,78.357,-10.57,92,28,2.7,RU,1680360069
321,tymovskoye,50.8456,142.655,-2.26,97,23,2.04,RU,1680360070
322,zharkent,44.1628,80.0,9.14,20,0,2.1,KZ,1680360070
323,tiznit,29.5833,-9.5,29.69,20,0,5.44,MA,1680360070
324,dudinka,69.4058,86.1778,-9.1,95,100,10.68,RU,1680360070
325,aklavik,68.2191,-135.0107,-27.0,76,40,1.54,CA,1680360071
326,port hardy,50.6996,-127.4199,4.0,100,100,2.57,CA,1680360071
327,hobyo,5.3505,48.5268,29.04,73,73,5.76,SO,1680360071
328,laplace,30.0666,-90.4801,25.05,88,100,3.09,US,1680360071
329,kommunisticheskiy,61.6789,64.4819,2.38,92,100,4.61,RU,1680360071
330,glubokiy,48.5217,40.3258,8.17,68,35,1.8,RU,1680360071
331,birjand,32.8663,59.2211,20.26,18,20,4.12,IR,1680360071
332,lavrentiya,65.5833,-171.0,-3.6,97,100,1.48,RU,1680360072
333,maumere,-8.6199,122.2111,26.38,83,100,0.54,ID,1680360072
334,arona,28.0996,-16.681,26.29,37,0,14.4,ES,1680359703
335,santa fe,-31.6333,-60.7,20.72,47,0,4.02,AR,1680359950
336,fort nelson,58.8053,-122.7002,-8.23,84,100,2.57,CA,1680360013
337,beira,-19.8436,34.8389,29.05,61,75,4.12,MZ,1680359912
338,bonavista,48.6499,-53.1147,-0.26,87,41,2.69,CA,1680360073
339,ingham,42.6,-84.3833,6.97,89,100,4.63,US,1680360073
340,ranong,9.9658,98.6348,26.31,81,17,1.05,TH,1680360013
341,talnakh,69.4865,88.3972,-9.33,94,100,8.14,RU,1680360074
342,lata,40.1629,-8.3327,15.6,91,100,1.85,PT,1680360074
343,daru,-9.0763,143.2092,26.64,85,54,4.02,PG,1680360074
344,mount isa,-20.7333,139.5,25.87,36,98,3.6,AU,1680360074
345,labrea,-7.2586,-64.7981,23.05,99,100,1.37,BR,1680360075
346,salinopolis,-0.6136,-47.3561,26.82,81,95,2.91,BR,1680360075
347,cacapava do sul,-30.5122,-53.4914,19.43,37,0,2.76,BR,1680360075
348,victor harbor,-35.5667,138.6167,10.93,73,14,3.96,AU,1680360075
349,sagone,42.1155,8.6969,17.26,74,78,5.13,FR,1680360075
350,ribeira grande,38.5167,-28.7,18.22,88,75,5.36,PT,1680360076
351,vardo,70.3705,31.1107,-2.01,93,100,11.83,NO,1680360076
352,uruacu,-14.5247,-49.1408,30.66,50,1,1.7,BR,1680360077
353,waddan,29.1614,16.139,28.68,8,0,0.64,LY,1680360077
354,sistranda,63.7256,8.834,4.98,63,28,7.29,NO,1680360077
355,pevek,69.7008,170.3133,-20.53,98,100,8.0,RU,1680360077
356,port augusta,-32.5,137.7667,14.67,43,0,3.28,AU,1680360077
357,belyy yar,53.6039,91.3903,-12.06,72,87,2.0,RU,1680360078
358,saint-francois,46.4154,3.9054,10.93,76,75,5.66,FR,1680360078
359,igarka,67.4667,86.5833,-5.19,94,100,10.43,RU,1680360078
360,fare,-16.7,-151.0167,27.69,75,44,2.83,PF,1680360078
361,north platte,41.1239,-100.7654,1.88,71,0,2.06,US,1680360079
362,minudasht,37.2289,55.3747,9.76,93,100,3.09,IR,1680360079
363,pangnirtung,66.1451,-65.7125,-14.0,51,100,1.03,CA,1680360079
364,myitkyina,25.3833,97.4,18.28,93,98,1.49,MM,1680360079
365,nagato,34.3833,131.2,13.09,82,96,5.19,JP,1680360079
366,brighton,50.8284,-0.1395,12.87,75,40,4.63,GB,1680359811
367,wamba,8.9333,8.6,38.3,15,90,2.41,NG,1680360080
368,baruun-urt,46.6806,113.2792,0.8,37,100,9.91,MN,1680360080
369,mapiripan,2.8892,-72.1256,23.49,89,100,2.06,CO,1680360080
370,tambopata,-12.7333,-69.1833,25.94,83,75,2.06,PE,1680360081
371,swakopmund,-22.6833,14.5333,17.65,79,8,3.2,NA,1680360081
372,cockburn town,21.4612,-71.1419,26.98,61,20,5.14,TC,1680359912
373,pahrump,36.2083,-115.9839,3.03,27,2,1.61,US,1680360081
374,kungurtug,50.5994,97.5228,-15.31,91,100,1.08,RU,1680360082
375,lasa,46.6166,10.7002,13.72,66,100,1.94,IT,1680360082
376,husavik,66.0449,-17.3389,2.62,97,99,1.05,IS,1680360082
377,manicore,-5.8092,-61.3003,31.18,58,100,1.3,BR,1680360082
378,weligama,5.9667,80.4167,25.52,85,29,1.2,LK,1680360083
379,saint-pierre,-21.3393,55.4781,27.82,74,0,5.14,RE,1680360083
380,zvishavane,-20.3267,30.0665,25.43,47,85,4.5,ZW,1680360083
381,kitimat,54.0524,-128.6534,2.73,33,92,2.03,CA,1680360083
382,kalat,29.0225,66.5916,14.13,45,5,4.21,PK,1680360083
383,tezu,27.9167,96.1667,18.87,89,100,0.71,IN,1680360083
384,huescar,37.811,-2.5412,19.51,38,29,7.77,ES,1680360083
385,osmena,10.5208,119.9258,27.02,79,100,2.17,PH,1680360083
386,ola,59.5833,151.2833,-3.25,95,99,3.38,RU,1680360083
387,sol-iletsk,51.1631,54.9918,13.6,35,40,5.03,RU,1680360084
388,bose,45.4612,8.0137,19.77,27,27,1.65,IT,1680360084
389,smithers,54.7804,-127.1743,-0.82,86,75,2.06,CA,1680360017
390,bilma,18.6853,12.9164,31.64,4,78,3.27,NE,1680360085
391,narsaq,60.9167,-46.05,-1.88,56,91,0.97,GL,1680360085
392,gambela,8.25,34.5833,35.9,21,100,3.08,ET,1680360086
393,zhangjiakou,40.81,114.8794,13.34,52,79,4.18,CN,1680360086
394,casimiro castillo,19.6,-104.4333,28.94,22,76,0.7,MX,1680360086
395,ahuimanu,21.4447,-157.8378,23.25,88,75,1.54,US,1680360086
396,mangrol,21.1167,70.1167,25.2,74,62,4.99,IN,1680360086
397,natal,-5.795,-35.2094,30.36,62,75,6.17,BR,1680359494
398,dhenkanal,20.6667,85.6,25.75,72,16,4.49,IN,1680360087
399,pingliang,35.5392,106.6861,13.42,64,77,5.22,CN,1680360087
400,sungaipenuh,-2.0833,101.3833,17.87,97,100,0.48,ID,1680360087
401,batemans bay,-35.7167,150.1833,15.61,86,94,2.86,AU,1680360087
402,nong bua,15.8646,100.5858,33.27,45,21,6.73,TH,1680360087
403,bathsheba,13.2167,-59.5167,26.34,41,75,8.75,BB,1680360056
404,lompoc,34.6391,-120.4579,8.29,79,0,4.02,US,1680360088
405,panaba,21.2833,-88.2667,29.95,52,8,5.24,MX,1680359947
406,kodinsk,58.6881,99.1844,-14.85,95,67,0.01,RU,1680360088
407,soldotna,60.4878,-151.0583,-0.99,54,0,3.6,US,1680360088
408,ryotsu,38.0833,138.4333,8.38,69,0,5.84,JP,1680360089
409,ponta do sol,32.6667,-17.1,26.51,62,3,4.13,PT,1680360089
410,kyra,49.5776,111.9753,-4.4,38,100,4.78,RU,1680360089
411,barcelos,41.5388,-8.6151,16.06,80,95,1.99,PT,1680360090
412,lesnoye,58.2841,35.5158,2.81,81,100,1.76,RU,1680360090
413,sola,-13.8833,167.55,28.1,74,42,3.65,VU,1680360090
414,kijang,35.2442,129.2139,14.85,68,0,6.33,KR,1680360090
415,balclutha,-46.2339,169.75,10.48,94,100,1.74,NZ,1680360091
416,zubtsov,56.1753,34.5894,2.83,98,100,3.11,RU,1680360091
417,zhanaozen,43.3,52.8,7.07,82,100,6.42,KZ,1680360091
418,jalu,29.0331,21.5482,25.88,13,0,1.67,LY,1680360091
419,huarmey,-10.0681,-78.1522,25.92,79,72,3.87,PE,1680360091
420,chibuto,-24.6867,33.5306,24.16,84,73,3.34,MZ,1680360091
421,taoudenni,22.6783,-3.9836,36.25,4,0,3.45,ML,1680360092
422,ambanja,-13.6833,48.45,28.96,88,100,1.12,MG,1680360092
423,leh,34.1667,77.5833,-1.87,81,92,2.05,IN,1680360092
424,killin,33.6123,-91.7412,19.05,42,0,4.12,US,1680360092
425,klyuchi,52.2667,79.1667,-4.67,58,0,3.68,RU,1680360093
426,ban tak,17.0432,99.0813,28.82,54,13,3.21,TH,1680360094
427,mehamn,71.0357,27.8492,-2.05,80,100,13.38,NO,1680360094
428,dmytrivka,45.9717,28.9864,11.15,84,100,3.54,UA,1680360094
429,meulaboh,4.1363,96.1285,26.16,80,72,1.09,ID,1680360094
430,ilulissat,69.2167,-51.1,-12.99,47,20,1.03,GL,1680360095
431,honiara,-9.4333,159.95,25.49,88,98,0.83,SB,1680360095
432,haimen,23.1935,116.6142,18.94,89,79,3.52,CN,1680360095
433,mandera,3.9366,41.867,36.43,27,64,2.0,KE,1680360095
434,altoona,40.5187,-78.3947,17.99,64,49,2.24,US,1680360095
435,palana,59.1167,159.9667,-1.43,94,100,8.03,RU,1680360095
436,orlik,52.5178,99.825,-21.2,94,86,1.15,RU,1680360096
437,bulgan,48.8125,103.5347,-12.03,84,100,7.18,MN,1680360096
438,iquitos,-3.7481,-73.2472,26.02,94,75,4.12,PE,1680359833
439,calabozo,8.9242,-67.4293,32.38,42,96,5.47,VE,1680360096
440,tsabong,-26.0217,22.401,31.45,26,76,5.31,BW,1680360096
441,hami,42.8,93.45,2.61,26,21,6.73,CN,1680360096
442,pisco,-13.7,-76.2167,24.45,83,60,2.57,PE,1680359927
443,menomonie,44.8755,-91.9193,-0.79,69,0,8.23,US,1680360097
444,bogorodskoye,56.55,37.8833,2.81,89,100,2.95,RU,1680360097
445,palmer,42.1584,-72.3287,12.41,100,100,0.0,US,1680360097
446,havre-saint-pierre,50.2334,-63.5986,0.2,80,100,4.63,CA,1680360098
447,darhan,49.4867,105.9228,-8.55,73,100,9.27,MN,1680360098
448,asau,46.4333,26.4,10.71,88,100,1.12,RO,1680360098
449,pacific grove,36.6177,-121.9166,5.36,92,0,1.54,US,1680360098
450,kieta,-6.2167,155.6333,25.67,86,65,1.43,PG,1680360098
451,samdrup jongkhar,26.9167,91.6167,14.77,92,69,0.87,BT,1680360099
452,soe,-9.8607,124.284,18.69,94,99,1.68,ID,1680360099
453,tilichiki,60.4667,166.1,-9.68,97,98,0.92,RU,1680360099
454,gat,31.61,34.7642,18.55,21,0,4.53,IL,1680359838
455,tortoli,39.9256,9.6572,19.9,30,20,11.83,IT,1680360099
456,hamilton,39.1834,-84.5333,17.47,53,0,10.29,US,1680359868
457,sao jose da coroa grande,-8.8978,-35.1478,28.76,64,46,3.06,BR,1680360099
458,puerto ayacucho,5.6639,-67.6236,25.21,80,100,2.18,VE,1680360099
459,zeya,53.75,127.2667,2.63,87,100,2.51,RU,1680360100
460,killybegs,54.6333,-8.45,9.84,81,100,8.5,IE,1680360100
461,rawson,-43.3002,-65.1023,23.11,28,72,8.88,AR,1680360100
462,flinders,-34.5833,150.8552,16.21,87,84,0.89,AU,1680360100
463,samarai,-10.6167,150.6667,27.46,79,100,3.8,PG,1680360100
464,vung tau,10.346,107.0843,26.74,77,96,7.25,VN,1680360101
465,tripoli,32.8752,13.1875,22.98,48,4,5.0,LY,1680359725
466,waharoa,-37.7667,175.7667,19.73,96,100,0.7,NZ,1680360101
467,narovchat,53.8765,43.6946,7.08,74,100,4.17,RU,1680360101
468,elko,41.0002,-115.5012,1.24,68,100,2.24,US,1680360101
469,ust-ordynskiy,52.805,104.7508,-9.92,70,58,4.11,RU,1680360101
470,valparaiso,-33.0393,-71.6273,20.13,55,0,2.57,CL,1680359915
471,atasu,48.6814,71.6433,-1.13,62,0,6.91,KZ,1680360102
472,venado,22.9333,-101.0833,19.18,57,51,2.57,MX,1680360102
473,jurm,36.8648,70.8342,11.7,54,8,0.56,AF,1680360102
474,ilebo,-4.3167,20.5833,27.45,69,99,0.99,CD,1680360102
475,san martin,-33.081,-68.4681,16.3,30,88,3.72,AR,1680360102
476,catuday,16.2923,119.8062,25.46,79,4,3.39,PH,1680360102
477,changping,40.2186,116.2197,16.8,39,68,2.32,CN,1680359892
478,atar,20.5169,-13.0499,37.18,4,0,8.64,MR,1680360103
479,benguela,-12.5763,13.4055,28.52,64,97,3.7,AO,1680360103
480,sawakin,19.1059,37.3321,24.93,56,43,5.84,SD,1680360103
481,salalah,17.0151,54.0924,29.05,74,75,5.66,OM,1680360104
482,sungairaya,0.7,108.9,25.65,81,100,0.1,ID,1680360104
483,korla,41.7597,86.1469,10.68,13,0,4.63,CN,1680360104
484,aleksandrovsk-sakhalinskiy,50.8975,142.1561,-0.87,93,10,2.75,RU,1680360104
485,ust-nera,64.5667,143.2,-10.5,96,100,1.92,RU,1680360104
486,petropavlovsk-kamchatskiy,53.0452,158.6483,-3.67,80,0,2.0,RU,1680360104
487,manyana,-23.4,21.7167,27.67,35,81,3.39,BW,1680360104
488,makakilo city,21.3469,-158.0858,22.6,88,100,1.54,US,1680360104
489,ustka,54.5805,16.8619,3.14,81,100,9.75,PL,1680360105
490,grand-santi,4.25,-54.3833,30.31,48,100,2.41,GF,1680360105
491,bakel,14.905,-12.4568,41.51,4,0,4.94,SN,1680360105
492,katsuura,35.1333,140.3,15.46,74,100,5.19,JP,1680360105
493,okato,-39.2,173.8833,18.28,1,99,2.76,NZ,1680360105
494,carahue,-38.7,-73.1667,16.67,58,97,1.07,CL,1680360105
495,mata,40.683,-7.4592,12.95,83,94,2.88,PT,1680360105
496,arman,59.7,150.1667,-3.32,96,100,1.57,RU,1680360106
497,changchun,43.88,125.3228,11.98,27,86,4.05,CN,1680360106
498,warkworth,-36.4,174.6667,18.6,93,100,1.46,NZ,1680360106
499,susangerd,31.5608,48.1831,16.69,21,0,7.48,IR,1680360106
500,nouadhibou,20.931,-17.0347,36.99,14,0,8.23,MR,1680360107
501,oromocto,45.8351,-66.4792,3.73,89,100,4.47,CA,1680360107
502,dire,12.2833,-10.9667,42.11,4,1,2.27,ML,1680360107
503,portland,45.5234,-122.6762,5.45,93,100,3.13,US,1680359530
504,rocha,-34.4833,-54.3333,21.73,41,59,6.21,UY,1680359966
505,ulagan,50.6321,87.9563,-14.42,94,96,1.93,RU,1680360107
506,vysokogornyy,50.1167,139.15,-3.26,94,0,0.59,RU,1680360108
507,kargasok,59.0556,80.8572,-4.0,78,100,5.09,RU,1680360108
508,cheyenne,41.14,-104.8203,4.41,40,0,7.72,US,1680359535
509,kabalo,-6.05,26.9167,26.15,77,79,1.29,CD,1680360108
510,kuna,43.4918,-116.4201,5.01,91,75,3.09,US,1680360108
511,faya,18.3851,42.4509,21.06,72,88,3.98,SA,1680360108
512,otane,-39.8833,176.6333,18.89,92,100,1.17,NZ,1680360108
513,sao filipe,14.8961,-24.4956,26.66,59,0,3.44,CV,1680360108
514,inirida,3.8653,-67.9239,23.5,97,100,0.56,CO,1680360109
515,murree,33.9073,73.393,6.8,84,68,1.53,PK,1680360109
516,mananjary,-21.2167,48.3333,25.73,82,99,2.64,MG,1680360109
517,tiarei,-17.5333,-149.3333,25.56,76,24,4.41,PF,1680360109
518,khani,41.9563,42.9566,8.76,76,100,0.81,GE,1680360109
519,malakal,9.5334,31.6605,36.36,7,97,2.67,SS,1680360110
520,itarema,-2.9248,-39.9167,28.77,71,89,3.47,BR,1680360110
521,gamba,-2.65,10.0,24.62,86,100,2.05,GA,1680360110
522,chokwe,-24.5333,32.9833,26.67,68,82,2.99,MZ,1680360110
523,locri,38.2414,16.2623,19.07,48,100,5.61,IT,1680360111
524,marquette,46.5333,-87.6335,-3.46,89,100,8.85,US,1680360111
525,bairiki,1.3292,172.9752,28.0,78,40,2.57,KI,1680360112
526,vao,-22.6667,167.4833,25.45,84,24,4.7,NC,1680360112
527,kanye,-24.9667,25.3327,25.49,35,55,2.12,BW,1680360112
528,san quintin,30.4833,-115.95,13.43,77,0,2.88,MX,1680360112
529,camacha,33.0833,-16.3333,18.68,73,40,6.17,PT,1680360112
530,dakar,14.6937,-17.4441,40.49,25,0,3.09,SN,1680359981
531,jardim,-21.4803,-56.1381,31.32,49,5,1.74,BR,1680359997
532,ulaangom,49.9811,92.0667,-12.04,69,99,3.61,MN,1680360112
533,thunder bay,48.4001,-89.3168,-7.05,35,75,3.09,CA,1680360004
534,manado,1.487,124.8455,24.43,100,40,3.09,ID,1680359938
535,baffa,34.4378,73.2194,12.62,83,99,0.9,PK,1680360112
536,las palmas,28.4204,-14.0131,20.44,73,20,6.69,ES,1680360112
537,birao,10.2849,22.7882,37.12,7,73,4.44,CF,1680360113
538,timaru,-44.4,171.25,13.93,92,100,2.24,NZ,1680359847
539,ketchikan,55.3422,-131.6461,2.26,93,100,2.06,US,1680360113
540,stonehaven,56.9637,-2.2118,6.29,84,100,3.58,GB,1680360113
541,spearfish,44.4908,-103.8594,5.49,55,0,3.58,US,1680360113
542,mehran,33.1222,46.1646,14.68,26,0,5.72,IR,1680360113
543,nakonde,-9.3421,32.745,18.68,84,80,2.42,ZM,1680360113
544,grindavik,63.8424,-22.4338,6.26,81,75,11.32,IS,1680360114
545,atambua,-9.1061,124.8925,23.2,90,100,1.37,ID,1680360114
546,hambantota,6.1241,81.1185,27.19,94,40,0.51,LK,1680360114
547,kayes,14.0,-11.0,40.45,4,0,2.3,ML,1680360114
548,dhidhdhoo,6.8833,73.1,28.5,64,99,3.06,MV,1680360115
549,garcia hernandez,9.6144,124.2946,26.29,86,100,3.78,PH,1680360115
550,oistins,13.0667,-59.5333,26.05,41,75,8.75,BB,1680360115
551,bafoulabe,13.8065,-10.8321,41.6,4,0,2.32,ML,1680360115
552,mareeba,-17.0,145.4333,24.4,92,74,0.46,AU,1680360115
553,lisakovsk,52.5369,62.4936,0.85,77,4,4.41,KZ,1680360115
554,mokhsogollokh,61.4681,128.9203,-16.88,86,98,4.27,RU,1680360115
555,westport,41.1415,-73.3579,14.12,89,100,6.69,US,1680360115
556,saint-augustin,51.226,-58.6502,0.99,61,91,4.93,CA,1680360115
557,vanavara,60.34,102.2797,-21.83,98,60,0.77,RU,1680360116
